user_id,subscription_type,user_journey
1516,Annual,Checkout
3395,Annual,Homepage-Pricing-Checkout
10107,Annual,Checkout
11145,Monthly,Homepage-Log in-Homepage-Log in-Checkout
12400,Monthly,Other-Career track certificate-Resources center-Homepage-Instructors-Homepage-Log in-Checkout
13082,Monthly,Checkout-Homepage-Sign up-Log in-Checkout
14415,Monthly,Log in-Checkout
15630,Annual,Homepage-Log in-Checkout
16589,Quarterly,Homepage-Career tracks-Homepage-Career tracks-Homepage-Career tracks-Homepage-Career tracks-Homepage-Pricing-Sign up-Homepage-Sign up-Checkout
19458,Annual,Homepage-Career track certificate-Career tracks-Career track certificate-Career tracks-Career track certificate-Career tracks-Courses-Coupon
20355,Monthly,Pricing-Courses-Career track certificate-Pricing-Homepage-Log in-Checkout
22679,Annual,Coupon
23292,Annual,Checkout-Log in-Checkout
24414,Annual,Coupon
31705,Annual,Checkout
34689,Monthly,Homepage-Log in-Checkout
34912,Annual,Log in-Checkout
37614,Annual,Coupon
37828,Annual,Homepage-Pricing-Checkout-Pricing-Courses-Log in-Checkout
39452,Annual,Other-Coupon
41200,Annual,Coupon-Checkout
49669,Annual,Coupon-Other-Coupon
60084,Monthly,Other
71559,Annual,Coupon-Pricing-Sign up-Pricing-Checkout
72771,Monthly,Log in-Checkout
74256,Annual,Log in-Other-Homepage-Log in-Checkout
75048,Annual,Courses-Log in-Coupon
82563,Monthly,Courses-Sign up-Checkout
88208,Annual,Checkout
96793,Annual,Homepage-Pricing-Coupon
97516,Annual,Other-Homepage-Courses-Coupon
102461,Annual,Instructors-Pricing-Homepage-Success stories-Pricing-Coupon
105172,Annual,Other-Log in-Coupon
105951,Annual,Coupon-Pricing-Checkout
108970,Annual,Homepage-Pricing-Checkout-Log in-Coupon
110519,Annual,Coupon
120485,Monthly,Pricing-Checkout-Other-Pricing-Career tracks-Checkout
121047,Annual,Log in-Homepage-Pricing-Other-Courses-Sign up-Pricing-Sign up-Log in-Other-Coupon
125167,Annual,Homepage-Log in-Other-Coupon
126202,Annual,Checkout-Coupon
135366,Annual,Homepage-Career tracks-Coupon
142012,Monthly,Homepage-Log in-Other-Log in-Homepage-Log in-Checkout
143885,Annual,Homepage-Career track certificate-Log in-Sign up-Log in-Checkout-Coupon
148246,Annual,Log in-Coupon
150335,Annual,Homepage-Career track certificate-Career tracks-Sign up-Checkout
150418,Annual,Coupon-Log in-Coupon
151003,Quarterly,Homepage-Pricing-Homepage-Pricing-Checkout-Homepage-Log in
152002,Annual,Log in-Resources center-Other-Resources center-Checkout
152882,Monthly,Homepage-Pricing-Checkout-Pricing-Checkout-Coupon
153570,Annual,Sign up-Coupon
156771,Annual,Coupon
156880,Monthly,Checkout
157143,Annual,Coupon
158113,Monthly,Homepage-Log in-Homepage-Log in-Checkout
160910,Annual,Homepage-Log in-Coupon
161329,Annual,Homepage-Log in-Checkout
161523,Monthly,Homepage-Pricing-Sign up-Checkout
161548,Annual,Other-Courses-Sign up-Log in-Coupon
162545,Monthly,Courses-Log in-Courses-Log in-Checkout
171697,Annual,Coupon
172645,Annual,Coupon
182313,Annual,Resources center-Log in-Coupon
185224,Annual,Homepage-Log in-Homepage-Log in-Checkout
185236,Annual,Log in-Sign up-Courses-Sign up-Log in-Checkout
185890,Annual,Coupon-Log in-Coupon
188451,Annual,Checkout-Homepage-Log in-Checkout
191962,Annual,Other
195227,Annual,Log in-Homepage-Career tracks-Sign up-Career tracks-Coupon
202020,Annual,Homepage-Log in-Checkout-Coupon
203365,Annual,Coupon
204731,Annual,Other-Log in
209680,Annual,Log in-Checkout
212532,Annual,Coupon-Homepage-Log in-Other-Coupon
217381,Annual,Coupon
219706,Monthly,Checkout
220511,Annual,Log in-Coupon-Checkout
220744,Annual,Coupon
222389,Annual,Homepage-Log in-Checkout
223121,Monthly,Log in-Coupon
223597,Monthly,Homepage-Log in-Coupon
223721,Annual,Homepage-Pricing-Checkout-Log in-Checkout
223777,Monthly,Checkout
223883,Annual,Other-Homepage-Log in-Checkout
226950,Annual,Other-Homepage-Log in-Coupon
227784,Annual,Homepage-Pricing-Homepage-Pricing-Sign up-Log in-Checkout
227846,Annual,Coupon
228059,Annual,Coupon-Log in-Checkout
229602,Annual,Other-Coupon
230961,Annual,Checkout
233544,Annual,Log in-Checkout
235712,Annual,Log in-Homepage-Log in-Checkout
236893,Quarterly,Homepage-Pricing-Homepage-Pricing-Log in-Checkout
237247,Annual,Homepage-Log in-Checkout
244110,Annual,Other-Blog-Log in-Checkout
244693,Annual,Homepage-Pricing-Log in-Coupon
247070,Annual,Homepage-Course certificate-Career track certificate-Homepage-Log in-Checkout
248835,Annual,Homepage-Pricing-Career tracks-Log in-Homepage-Log in-Coupon
249736,Annual,Upcoming courses-Log in-Checkout
250430,Annual,Coupon
253512,Annual,Checkout-Homepage-Sign up-Log in-Checkout
255892,Annual,Homepage-Log in-Homepage-Log in-Checkout
256301,Monthly,Checkout
256312,Annual,Coupon
258989,Monthly,Sign up-Checkout
260579,Monthly,Checkout-Coupon
261077,Annual,Log in-Resources center-Other-Homepage-Log in
261624,Annual,Career tracks-Sign up-Log in-Coupon-Checkout
262246,Monthly,Log in-Homepage-Log in-Checkout
262728,Annual,Log in-Checkout
262999,Annual,Log in-Checkout
263101,Annual,Homepage-Pricing-Checkout-Homepage-Log in-Checkout
266371,Annual,Pricing-Checkout-Courses-Career tracks-Resources center-Other-Resources center-Other-Resources center-Other-Resources center-Other-Resources center-Other-Coupon
267025,Annual,Homepage-Log in-Coupon
267334,Monthly,Homepage-Courses-Log in-Courses-Sign up-Checkout
267719,Monthly,Log in-Checkout
267955,Annual,Coupon
269209,Annual,Resources center-Log in-Resources center-Log in-Coupon
269345,Annual,Log in-Homepage-Log in-Checkout
270317,Annual,Homepage-Sign up-Checkout
271000,Annual,Homepage-Log in-Coupon
271778,Annual,Coupon
272443,Monthly,Checkout-Log in-Checkout
273256,Annual,Log in-Checkout
274222,Annual,Coupon-Homepage-Log in-Checkout
274586,Annual,Homepage-Sign up-Coupon
275657,Monthly,Other-Homepage-Pricing-Checkout-Coupon
277395,Monthly,Pricing-Courses-Upcoming courses-Courses-Homepage-Courses-Upcoming courses-Resources center-Upcoming courses-Success stories-Career track certificate-Resources center-About us-Other-Homepage-Log in-Checkout
278099,Annual,Career tracks-Sign up-Coupon-Checkout
278257,Annual,Log in-Coupon
279567,Annual,Homepage-Courses-Career tracks-Career track certificate-Course certificate-Other-Courses-Sign up-Log in-Coupon
279886,Annual,Homepage-Sign up-Homepage-Career tracks-Homepage-Coupon
280244,Monthly,Homepage-Career tracks-Homepage-Sign up-Log in-Checkout
281132,Annual,Other-Coupon
282606,Annual,Homepage-Career track certificate-Sign up-Coupon
282927,Annual,Coupon-Sign up-Log in-Courses-Sign up-Log in
282998,Annual,Log in-Checkout
283073,Monthly,Other-Homepage-Sign up-Log in-Homepage-Sign up-Log in
284423,Annual,Coupon-Homepage-Pricing-Coupon
284947,Annual,Other-Sign up-Log in-Resources center-Course certificate-Coupon
285057,Annual,Log in-Checkout
285400,Annual,Coupon-Checkout
286605,Annual,Coupon
286986,Annual,Checkout-Log in-Checkout
287136,Monthly,Checkout
287530,Monthly,Homepage-Resources center-Other-Homepage-Log in-Checkout
288416,Monthly,Career tracks-Sign up-Career tracks-Checkout
289110,Quarterly,Log in-Checkout
289169,Annual,Homepage-Pricing-Sign up-Coupon
289171,Annual,Other-Coupon-Homepage-Sign up-Coupon
289359,Monthly,Career tracks-Log in-Checkout
289370,Monthly,Log in-Homepage-Sign up-Log in-Checkout
289379,Quarterly,Homepage-Courses-Homepage-Courses-Sign up-Log in-Checkout
289748,Annual,Coupon-Checkout
289842,Annual,Coupon-Homepage-Sign up-Log in-Coupon
289919,Monthly,Log in-Checkout
289988,Monthly,Courses-Sign up-Log in-Homepage-Log in-Checkout
290258,Monthly,Other-Resources center-Success stories-Checkout-Coupon
290289,Monthly,Homepage-Log in-Other-Sign up-Log in-Checkout
290527,Annual,Other-Log in-Checkout
291012,Monthly,Homepage-Log in-Other-Log in-Checkout
291100,Monthly,Log in-Homepage-Log in
291598,Annual,Homepage-Pricing-Homepage-Log in-Coupon
291921,Annual,Pricing-Career tracks-Career track certificate-Sign up-Career track certificate-Log in-Checkout
292469,Annual,Log in-Homepage-Log in-Checkout
292620,Annual,Homepage-Career track certificate-Homepage-Career track certificate-Sign up-Checkout
292886,Annual,Homepage-Sign up-Courses-Sign up-Checkout
293325,Annual,Other-Course certificate-Career track certificate-Career tracks-Courses-Coupon-Checkout
293572,Annual,Log in-Coupon
293945,Annual,Career tracks-Resources center-Other-Coupon
294116,Monthly,Homepage-Pricing-Homepage-Pricing-Homepage-Courses-Career tracks-Courses-Career tracks-Pricing-Checkout
294736,Annual,Homepage-Log in-Homepage-Sign up-Log in-Checkout
295049,Annual,Homepage-Log in-Other-Log in-Checkout
295174,Monthly,Checkout-Homepage-Career tracks-Courses-Log in-Homepage-Course certificate-Homepage-Course certificate-Log in-Checkout
295176,Annual,Log in-Homepage-Log in-Checkout
295682,Annual,Checkout-Log in-Checkout
296305,Annual,Homepage-Resources center-Other-Resources center-Other-Resources center-Other
296352,Annual,Other-Log in-Coupon
296465,Monthly,Homepage-Log in-Homepage-Log in-Checkout
296546,Monthly,Log in-Checkout
296653,Annual,Log in-Courses-Log in-Coupon
296961,Annual,Checkout
296983,Annual,Homepage-Log in-Checkout
297835,Monthly,Other-Homepage-Pricing-Sign up-Log in-Checkout
297962,Monthly,Log in-Checkout
298464,Annual,Log in-Coupon
299103,Annual,Courses-Career tracks-Sign up-Log in-Sign up-Log in-Coupon
299675,Annual,Log in-Coupon
300083,Annual,Log in-Checkout
300455,Monthly,Log in-Other-Checkout
301568,Annual,Log in-Other-Coupon
302683,Annual,Homepage-Log in-Homepage-Sign up-Homepage-Log in-Homepage-Log in-Homepage-Log in-Homepage-Log in-Checkout
302942,Annual,Log in-Resources center-Pricing-Coupon
303408,Monthly,Other-Courses-Sign up-Checkout
305004,Annual,Homepage-Courses-Career track certificate-Course certificate-Career track certificate-Career tracks-Courses-Homepage-Log in-Checkout
305785,Annual,Homepage-Sign up-Courses-Pricing-Coupon
305842,Monthly,Checkout-Other-Log in-Checkout
306397,Annual,Coupon-Homepage-Courses-Coupon
306406,Annual,Other-Coupon
307149,Annual,Homepage-Courses-Homepage-Sign up-Homepage-Courses-Other-Pricing-Courses-Homepage-Log in-Other-Homepage-Log in-Checkout
307235,Annual,Coupon-Log in-Other-Log in
307546,Annual,Coupon-Homepage-Log in-Checkout
307602,Monthly,Homepage-Log in-Other-Log in-Checkout
307886,Monthly,Homepage-Pricing-Log in-Checkout
307902,Annual,Log in-Sign up-Log in-Checkout
308007,Annual,Coupon
308457,Annual,Other-Log in-Sign up-Log in-Checkout
310357,Annual,Resources center-Other-Resources center-Other-Sign up-Coupon
310671,Annual,Homepage-Sign up-Checkout
310716,Annual,Other-Coupon
311868,Annual,Homepage-Pricing-Log in-Homepage-Pricing-Coupon
311905,Annual,Log in-Homepage-Log in-Checkout
312454,Monthly,Homepage-Log in-Homepage-Log in-Checkout
312849,Annual,Checkout-Coupon
313048,Monthly,Log in-Homepage-Log in-Checkout
314076,Annual,Log in-Checkout
314632,Annual,Log in-Checkout
314728,Monthly,Checkout
315107,Annual,Homepage-Pricing-Log in-Coupon
315306,Annual,Other-Coupon-Homepage-Courses-Coupon
316287,Annual,Homepage-Pricing-Checkout-Homepage-Pricing-Checkout-Pricing-Checkout-Coupon
316823,Annual,Coupon-Checkout-Coupon
316833,Annual,Other-Log in-Coupon
316976,Annual,Resources center-Courses-Homepage-Career tracks-Coupon
318200,Annual,Homepage-Log in-Checkout
319252,Monthly,Log in-Checkout
319493,Annual,Log in-Coupon
321978,Annual,Coupon
322021,Monthly,Checkout-Homepage-Log in-Checkout
322577,Annual,Homepage-Sign up-Log in-Checkout
323474,Annual,Log in-Coupon
324352,Annual,Other-Log in-Coupon
324442,Monthly,Log in-Checkout
327915,Annual,Other-Coupon-Homepage-Pricing-Log in
328922,Annual,Other
329390,Monthly,Homepage-Sign up-Log in-Homepage-Log in-Checkout
329682,Annual,Homepage-Career tracks-Homepage-Sign up-Homepage-Pricing-Coupon
330072,Monthly,Homepage-Pricing-Courses-Log in-Checkout
330572,Monthly,Homepage-Log in-Checkout
330590,Annual,Log in-Other-Log in-Checkout
331693,Monthly,Checkout
333415,Monthly,Log in-Checkout
334108,Monthly,Checkout-Homepage-Log in-Checkout
335237,Monthly,Log in-Homepage-Log in-Checkout
335407,Monthly,Log in-Checkout
335698,Annual,Checkout
336819,Annual,Sign up-Log in-Checkout
337006,Annual,Log in-Coupon
337895,Monthly,Log in-Checkout
338124,Monthly,Homepage-Log in-Checkout
338181,Annual,Courses-Pricing-Resources center-Courses-Sign up-Log in-Checkout
338212,Annual,Checkout
338632,Monthly,Homepage-Sign up-Log in-Checkout
338845,Annual,Other-Coupon
339582,Annual,Homepage-Log in-Checkout
339958,Monthly,Homepage-Pricing-Sign up-Checkout
341430,Annual,Coupon
342288,Monthly,Coupon
343619,Annual,Homepage-Pricing-Log in-Coupon
344014,Annual,Other-Resources center-Other-Log in-Other-Log in-Checkout
344040,Annual,Coupon
344695,Annual,Log in-Homepage-Log in-Checkout
345171,Monthly,Checkout-Homepage-Pricing-Checkout-Pricing-Sign up-Log in-Other-Log in-Homepage-Pricing-Checkout
345439,Annual,Other-Coupon
345526,Monthly,Checkout-Pricing-Sign up-Checkout
345571,Annual,Coupon-Checkout
346517,Monthly,Courses-Career track certificate-Courses-Pricing-Checkout-Homepage-Sign up-Checkout
346769,Annual,Log in-Homepage-Log in-Checkout
347303,Monthly,Log in-Checkout
347748,Annual,Homepage-Log in-Sign up-Log in-Checkout
349826,Annual,Homepage-Career tracks-Courses-Career tracks-Other-Log in-Checkout
350751,Monthly,Log in-Checkout
351669,Quarterly,Homepage-Log in-Checkout
351796,Annual,Log in-Homepage-Log in-Other
352062,Annual,Other-Checkout-Coupon
352098,Annual,Log in-Checkout
352376,Monthly,Coupon-Checkout
353236,Annual,Log in-Checkout
353669,Monthly,Log in-Checkout
353878,Monthly,Log in-Homepage-Courses-Log in-Checkout
354201,Annual,Homepage-Log in-Checkout
354683,Annual,Homepage-Log in-Coupon
355056,Annual,Resources center-Other-Homepage-Pricing-Coupon
356489,Annual,Checkout-Log in-Checkout
357645,Monthly,Homepage-Log in-Checkout
358019,Annual,Log in-Checkout
360808,Monthly,Pricing-Sign up-Homepage-Pricing-Checkout
361114,Annual,Homepage-Log in-Coupon
361752,Monthly,Homepage-Career track certificate-Pricing-Log in-Pricing-Courses-Sign up-Coupon
362355,Monthly,Log in-Checkout
364433,Annual,Checkout
364769,Monthly,Checkout-Homepage-Log in-Checkout
365370,Annual,Other-Coupon
366045,Annual,Log in-Checkout
366537,Annual,Checkout-Homepage-Sign up-Log in-Checkout
367401,Annual,Coupon-Homepage-Log in-Checkout
367711,Annual,Pricing-Checkout-Homepage-Log in-Coupon
367955,Annual,Homepage-Log in-Checkout
369712,Monthly,Log in-Checkout
369845,Monthly,Homepage-Log in-Homepage-Log in-Checkout
370071,Quarterly,Checkout
371060,Monthly,Homepage-Log in-Homepage-Log in-Coupon
371087,Monthly,Coupon-Log in-Checkout
371779,Annual,Homepage-Pricing-Resources center-Log in-Coupon
376948,Monthly,Log in-Checkout
378467,Annual,Other-Coupon
379140,Annual,Other-Homepage-Pricing-Career track certificate-Sign up-Career track certificate-Coupon
380790,Annual,Checkout-Homepage-Log in-Checkout
381670,Annual,Log in-Homepage-Career tracks-Homepage-Career tracks-Homepage-Career tracks-Coupon
384062,Annual,Log in-Coupon
387096,Annual,Log in-Homepage-Log in-Coupon
387813,Annual,Log in-Homepage-Log in-Coupon
389689,Annual,Other-Coupon
391783,Annual,Log in-Homepage-Pricing-Career track certificate-Sign up-Checkout
392228,Annual,Homepage-Course certificate-Log in-Checkout
392235,Annual,Checkout-Coupon
392285,Monthly,Homepage-Pricing-Checkout
393904,Annual,Log in-Coupon
394304,Annual,Log in-Checkout
394696,Monthly,Sign up-Homepage-Log in-Checkout
395521,Annual,Checkout-Log in-Checkout
396099,Annual,Career tracks-Log in-Homepage-Log in-Checkout
396791,Annual,Other-Log in-Checkout
397234,Monthly,Log in
397395,Annual,Coupon-Homepage-Career tracks-Pricing-Checkout-Pricing-Checkout
398805,Monthly,Log in-Checkout
399029,Monthly,Homepage-Pricing-Log in-Pricing-Log in
401176,Monthly,Pricing-Checkout
402831,Annual,Log in-Homepage-Sign up-Checkout
403662,Monthly,Homepage-Log in-Checkout
404128,Monthly,Checkout
406828,Monthly,Checkout
408209,Monthly,Log in-Checkout
409365,Monthly,Homepage-Log in-Checkout
409856,Monthly,Checkout
409908,Annual,Checkout-Instructors-About us-Other
409923,Annual,Pricing-Courses-Homepage-Log in-Sign up-Log in-Other-Log in-Checkout
411342,Monthly,Log in-Homepage-Log in-Checkout
411785,Annual,Coupon-Log in-Checkout
412496,Annual,Log in-Other-Log in-Coupon
412594,Monthly,Homepage-Sign up-Log in-Checkout
413004,Monthly,Log in-Checkout
413388,Annual,Log in-Checkout
413389,Monthly,Other
413937,Monthly,Log in-Coupon
415429,Monthly,Checkout-Other-Sign up-Log in-Checkout
416030,Monthly,Log in-Checkout
416191,Annual,Other-Log in-Pricing-Checkout-Coupon
416252,Annual,Log in-Other-Homepage-Log in-Checkout
417291,Annual,Checkout-Coupon-Checkout
419662,Annual,Other-Checkout
422145,Annual,Log in-Homepage-Course certificate-Coupon
422502,Annual,Courses-Log in-Courses-Log in-Coupon
424430,Monthly,Log in-Checkout
424647,Annual,Coupon
425604,Annual,Sign up-Log in-Coupon
426125,Annual,Checkout-Log in-Checkout
426242,Annual,Coupon-Log in-Checkout
426843,Annual,Homepage-Log in-Checkout
427084,Monthly,Log in-Coupon
430496,Monthly,Checkout
431537,Monthly,Log in-Other-Log in-Checkout
431959,Monthly,Log in-Checkout
432001,Annual,Coupon-Log in-Checkout
432224,Annual,Other-Coupon
433243,Annual,Checkout
434169,Annual,Checkout-Log in-Checkout
434675,Annual,Homepage-Log in-Coupon
434958,Annual,Coupon
435391,Monthly,Checkout
436554,Annual,Homepage-Pricing-Homepage-Courses-Log in-Other-Log in-Checkout
437668,Annual,Coupon-Homepage-Courses-Homepage-Log in-Coupon
437976,Monthly,Log in-Checkout
438159,Monthly,Log in-Checkout
439941,Annual,Log in-Coupon
441122,Annual,Homepage-Log in-Checkout
444315,Annual,Other-Coupon
444322,Quarterly,Homepage-Log in-Homepage-Log in-Checkout
445812,Annual,Log in-Homepage-Log in-Checkout
446564,Annual,Checkout-Homepage-Course certificate-Checkout
448260,Annual,Homepage-Log in-Homepage-Sign up-Checkout
448561,Annual,Other
448776,Annual,Homepage-Log in-Checkout
451138,Monthly,Homepage-Log in-Homepage-Log in-Other-Sign up-Log in-Checkout
451530,Annual,Other-Log in-Coupon
451998,Annual,Homepage-Log in-Checkout
452301,Annual,Homepage-Pricing-Checkout-Homepage-Courses-Checkout
452465,Monthly,Checkout-Log in-Checkout
452803,Annual,Coupon
453232,Monthly,Homepage-Sign up-Log in-Homepage-Log in-Checkout
453489,Annual,Coupon-Checkout-Coupon
453696,Monthly,Homepage-Career tracks-Homepage-Career tracks-Homepage-Career tracks-Sign up-Log in-Checkout
454131,Annual,Homepage-Log in-Homepage-Log in-Checkout
454272,Annual,Homepage-Log in-Other-Log in-Other-Log in-Coupon
454460,Annual,Coupon
454551,Annual,Log in-Checkout-Coupon
454643,Monthly,Checkout-Homepage-Log in-Checkout
454666,Annual,Coupon
454953,Monthly,Other-Sign up-Log in-Checkout
455041,Quarterly,Sign up-Log in-Checkout
455122,Annual,Homepage-Log in-Checkout
455204,Monthly,Courses-Log in-Checkout
455234,Annual,Sign up-Homepage-Courses-Coupon
455343,Annual,Checkout-Homepage-Career track certificate-Career tracks-Coupon
455568,Annual,Log in-Checkout
456100,Annual,Homepage-Upcoming courses-Courses-Career track certificate-Coupon-Homepage-Log in-Other
456261,Monthly,Checkout
456271,Annual,Other
456277,Annual,Homepage-Log in-Checkout
456808,Annual,Homepage-Log in-Homepage-Career tracks-Homepage-Career tracks-Homepage-Career tracks-Homepage-Career tracks-Homepage-Career tracks-Homepage-Career tracks-Homepage-Career tracks-Homepage-Coupon
456907,Monthly,Log in-Checkout
456953,Annual,Sign up-Log in-Checkout
456993,Annual,Homepage-Pricing-Checkout-Log in-Coupon
457261,Monthly,Checkout
457417,Monthly,Log in-Checkout
457609,Annual,Career tracks-Sign up-Log in-Homepage-Log in-Checkout
458068,Quarterly,Checkout-Log in-Checkout
458392,Annual,Resources center-Log in-Checkout
458421,Quarterly,Homepage-Sign up-Checkout
458604,Monthly,Homepage-Sign up-Log in-Checkout
458926,Annual,Log in-Coupon
459141,Monthly,Courses-Career tracks-Checkout
459147,Annual,Log in-Checkout
459170,Annual,Checkout
459364,Annual,Homepage-Pricing-Homepage-Courses-Log in-Checkout
459409,Annual,Other-Career tracks-Sign up-Coupon
459494,Monthly,Homepage-Log in-Homepage-Log in-Checkout
459526,Annual,Homepage-Pricing-Log in-Coupon
459560,Monthly,Homepage-Log in-Checkout
459756,Annual,Checkout-Log in-Checkout
459946,Annual,Courses-Upcoming courses-Courses-Pricing-Courses-Log in-Checkout
460104,Monthly,Log in-Checkout
460122,Monthly,Homepage-Log in-Homepage-Log in-Coupon
460469,Annual,Courses-Coupon-Homepage-Courses
460480,Annual,Log in-Homepage-Checkout
460665,Annual,Coupon-Instructors-Log in-Checkout
460879,Quarterly,Checkout
460950,Monthly,Log in-Checkout
461029,Annual,Log in-Checkout
461046,Annual,Coupon-Homepage-Log in-Coupon
461150,Annual,Career tracks-Sign up-Log in-Homepage-Course certificate-Homepage-Courses-Sign up-Log in-Coupon
461171,Quarterly,Homepage-Log in-Checkout
461311,Annual,Sign up-Log in-Courses-Sign up-Courses-Log in-Coupon
461458,Annual,Pricing-Sign up-Pricing-Sign up-Pricing
461513,Annual,Log in-Other-Log in-Checkout
461729,Annual,Pricing-Other-Pricing-Checkout-Log in-Checkout
461745,Monthly,Other-Log in
461840,Quarterly,Homepage-Sign up-Log in
461865,Monthly,Log in-Checkout
461948,Monthly,Log in-Checkout
461953,Annual,Homepage-Pricing-Sign up-Coupon
461955,Monthly,Sign up-Log in-Checkout
461995,Annual,Homepage-Log in-Coupon
462048,Quarterly,Log in-Checkout
462077,Monthly,Homepage-Sign up-Coupon
462149,Quarterly,Homepage-Sign up-Log in-Homepage-Sign up-Checkout
462159,Annual,Log in-Coupon-Homepage-Sign up
462167,Monthly,Homepage-Log in-Homepage-Career track certificate-Checkout
462188,Monthly,Sign up
462221,Monthly,Checkout-Homepage-Log in-Checkout
462281,Monthly,Checkout-Log in-Checkout
462370,Monthly,Other-Homepage-Log in-Checkout
462426,Annual,Coupon
462441,Annual,Coupon
462449,Annual,Homepage-Pricing-Career tracks-Courses-Homepage-Pricing-Sign up-Coupon
462467,Annual,Resources center-Other-Homepage-Resources center-Log in-Other-Log in-Sign up-Coupon
462471,Annual,Homepage-Sign up-Log in-Coupon
462473,Annual,Coupon
462474,Monthly,Homepage-Log in-Checkout
462484,Monthly,Coupon
462488,Monthly,Log in-Checkout
462489,Annual,Resources center-Career track certificate-Courses-Coupon
462514,Quarterly,Checkout-Other-Log in-Checkout
462541,Annual,Log in-Homepage-Log in-Checkout
462585,Monthly,Homepage-Log in-Coupon
462624,Annual,Courses-Log in-Checkout
462643,Annual,Coupon-Courses-Log in-Coupon
462667,Annual,Homepage-Pricing-Success stories-Log in-Homepage-Pricing-Log in-Coupon
462670,Quarterly,Homepage-Log in-Homepage-Sign up-Log in-Checkout
462672,Annual,Courses-Sign up-Checkout-Coupon
462697,Annual,Log in-Resources center-Career track certificate-Sign up-Log in-Homepage-Log in-Checkout
462703,Monthly,Homepage-Sign up-Coupon
462720,Monthly,Resources center-Homepage-Sign up-Log in-Checkout
462746,Monthly,Coupon
462826,Monthly,Checkout
462852,Monthly,Pricing-Career track certificate-Career tracks-Career track certificate-Career tracks-Homepage-Pricing-Courses-Career track certificate-Sign up-Checkout
462855,Annual,Coupon
462884,Annual,Log in-Other-Log in-Checkout
462890,Annual,Coupon
462919,Annual,Homepage-Courses-Career tracks-Course certificate-Courses-Sign up-Courses-Sign up-Homepage-Log in
462930,Annual,Coupon-Homepage-Courses
462967,Annual,Log in-Coupon
462971,Annual,Coupon
463014,Annual,Homepage-Pricing-Homepage-Pricing-Career tracks-Career track certificate-Career tracks-Course certificate-Career track certificate-Career tracks-Career track certificate-Career tracks-Career track certificate-Career tracks-Sign up-Checkout
463084,Monthly,Homepage-Log in-Checkout
463110,Monthly,Homepage-Sign up-Checkout
463116,Monthly,Checkout-Log in-Checkout
463172,Annual,Checkout-Homepage-Log in
463183,Annual,Homepage-Sign up-Homepage-Log in-Checkout
463200,Monthly,Homepage-Log in-Homepage-Log in-Checkout
463224,Monthly,Homepage-Log in-Checkout
463226,Annual,Coupon
463227,Monthly,Homepage-Sign up-Checkout
463254,Annual,Coupon
463277,Quarterly,Homepage-Log in-Checkout
463289,Annual,Homepage-Career tracks-Courses-Homepage-Sign up-Homepage-Career track certificate-Career tracks-Courses-Career tracks-Courses-Career tracks-Courses-Upcoming courses-Resources center-Career track certificate-Courses-Sign up-Checkout
463347,Annual,Log in-Checkout
463385,Annual,Coupon-Homepage-Pricing
463411,Annual,Log in-Homepage-Log in-Coupon
463421,Annual,Log in-Homepage-Log in-Checkout
463432,Monthly,Homepage-Resources center-Log in-Other-Resources center-Checkout
463477,Annual,Homepage-Career tracks-Career track certificate-Courses-Sign up-Coupon
463513,Monthly,Courses-Pricing-Checkout
463550,Annual,Coupon
463570,Annual,Coupon-Homepage-Sign up
463693,Annual,Log in-Homepage-Log in-Checkout
463722,Annual,Homepage-Pricing-Homepage-Career track certificate-Sign up-Career track certificate-Career tracks-Courses-Career tracks-Courses-Homepage-Coupon-Homepage-Sign up-Homepage
463728,Monthly,Checkout
463745,Monthly,Log in-Checkout
463779,Monthly,Log in-Checkout
463827,Annual,Coupon-Log in-Checkout
463832,Monthly,Other-Course certificate-Courses-Homepage-Sign up-Homepage-Career tracks-Sign up-Checkout
463857,Annual,Sign up-Homepage-Pricing-Sign up-Checkout
463897,Monthly,Checkout-Homepage-Log in-Homepage-Log in-Homepage-Career track certificate-Homepage-Log in-Homepage-Pricing-Checkout
463917,Annual,Log in-Checkout
463935,Monthly,Homepage-Career tracks-Sign up-Log in-Coupon
463972,Monthly,Course certificate-Sign up-Log in-Homepage-Log in-Checkout
464079,Monthly,Homepage-Sign up-Checkout
464103,Monthly,Homepage-Log in-Checkout
464203,Annual,Other-Checkout
464290,Annual,Courses-Sign up-Coupon
464327,Monthly,Homepage-Log in-Checkout
464385,Monthly,Homepage-Career track certificate-Sign up-Career track certificate-Pricing-Sign up-Checkout
464451,Monthly,Homepage-Sign up-Log in-Checkout
464483,Monthly,Checkout-Log in-Checkout
464502,Annual,Checkout-Homepage-Log in-Checkout
464521,Monthly,Checkout
464574,Monthly,Log in-Checkout
464591,Annual,Other-Sign up-Checkout
464638,Monthly,Log in-Checkout
464651,Monthly,Homepage-Sign up-Homepage-Log in-Checkout
464652,Annual,Homepage-Career tracks-Homepage-Career tracks-Sign up-Log in-Coupon
464686,Annual,Checkout-Homepage-Sign up-Checkout
464705,Annual,Other
464722,Annual,Coupon
464724,Annual,Homepage-Courses-Sign up-Coupon
464748,Annual,Homepage-Log in-Homepage-Sign up-Log in
464912,Annual,Career tracks-Courses-Sign up-Courses-Course certificate-Sign up-Checkout
464935,Annual,Coupon
464947,Annual,Log in-Sign up-Log in-Checkout
464977,Annual,Coupon-Homepage-Log in-Coupon
465040,Annual,Log in-Homepage-Sign up-Coupon
465074,Monthly,Checkout
465077,Annual,Coupon
465094,Annual,Coupon-Checkout-Coupon
465102,Annual,Log in-Other-Log in-Coupon
465104,Quarterly,Log in-Checkout
465169,Annual,Coupon
465191,Monthly,Pricing-Courses-Pricing-Sign up-Pricing-Checkout
465234,Annual,Coupon
465283,Monthly,Log in-Checkout
465285,Annual,Homepage-Career tracks-Homepage-Log in-Checkout
465312,Annual,Homepage-Sign up-Homepage-Log in-Checkout
465335,Monthly,Homepage-Pricing-Courses-Career track certificate-Career tracks-Homepage-Sign up-Checkout
465337,Annual,Coupon-Homepage-Sign up-Checkout
465355,Annual,Coupon
465382,Annual,Homepage-Career tracks-Homepage-Career tracks-Courses-Sign up-Homepage-Career tracks-Sign up-Log in-Coupon
465421,Annual,Checkout-Homepage-Instructors-Other-Resources center-Homepage-Career track certificate-Course certificate-Career track certificate-Coupon
465461,Annual,Coupon-Log in-Checkout
465499,Annual,Homepage-Pricing-Sign up-Homepage-Log in-Checkout
465517,Annual,Log in-Checkout
465520,Annual,Other-Log in-Coupon
465530,Monthly,Other-Courses-Sign up-Checkout
465532,Annual,Homepage-Sign up-Homepage-Sign up-Checkout
465554,Monthly,Checkout
465581,Monthly,Other-Resources center-Career tracks-Courses-Sign up-Homepage-Sign up-Checkout
465609,Monthly,Homepage-Career track certificate-Pricing-Homepage-Career tracks-Courses-Homepage-Pricing-Checkout
465628,Annual,Homepage-Log in-Other-Log in-Checkout
465641,Annual,Coupon-Log in-Coupon
465663,Annual,Courses-Career track certificate-Courses-Career tracks-Courses-Career tracks-Courses-Homepage-Career tracks-Coupon
465719,Annual,Homepage-Career tracks-Homepage-Career tracks-Other-Career tracks-Homepage-Career tracks-Homepage-Career tracks-Homepage-Sign up-Checkout
465730,Annual,Checkout
465740,Annual,Log in-Checkout
465748,Annual,Log in-Checkout
465756,Annual,Checkout
465781,Annual,Log in-Homepage-Pricing-Checkout-Pricing-Checkout-Homepage-Log in-Checkout
465804,Annual,Pricing-Checkout-Coupon
465807,Annual,Homepage-Log in-Sign up-Checkout
465840,Monthly,Checkout
465848,Annual,Log in-Pricing-Log in-Checkout
465867,Monthly,Homepage-Career tracks-Homepage-Career tracks-Homepage-Career tracks-Resources center-Upcoming courses-Resources center-Other-Success stories-Pricing-Sign up-Pricing-Sign up-Checkout
465874,Annual,Coupon
465998,Annual,Checkout
466030,Annual,Coupon-Checkout-Coupon
466043,Annual,Homepage-Sign up-Career tracks-Log in-Checkout
466071,Monthly,Log in-Checkout
466109,Annual,Other-Sign up-Log in-Coupon
466111,Monthly,Homepage-Sign up-Checkout
466117,Monthly,Pricing-Checkout-Pricing-Checkout-Homepage-Career tracks-Pricing-Checkout
466119,Annual,Coupon-Other-Coupon
466154,Annual,Homepage-Resources center-Other-Log in-Checkout
466168,Annual,Coupon
466193,Annual,Coupon
466212,Annual,Coupon
466215,Monthly,Homepage-Sign up-Checkout
466220,Monthly,Checkout-Coupon
466225,Annual,Sign up-Resources center-Coupon
466226,Annual,Log in-Checkout
466229,Annual,Pricing-Checkout
466232,Annual,Homepage-Log in-Checkout-Log in
466233,Annual,Coupon
466237,Annual,Homepage-Pricing-Other-Pricing-Checkout
466244,Annual,Coupon-Other-Success stories
466257,Annual,Homepage-Career track certificate-Sign up-Career track certificate-Pricing-Upcoming courses-Courses-Career tracks-Sign up-Career tracks-Courses-Sign up
466258,Annual,Other-Log in-Checkout
466266,Annual,Coupon-Checkout
466268,Annual,Coupon-Homepage-Course certificate-Courses-Coupon
466273,Annual,Pricing-Courses-Coupon
466277,Annual,Pricing-Checkout-Coupon
466282,Annual,Coupon
466309,Annual,Homepage-Course certificate-Coupon
466333,Annual,Homepage-Log in-Checkout
466348,Annual,Coupon
466373,Annual,Coupon
466381,Annual,Coupon
466385,Annual,Log in-Checkout
466388,Annual,Coupon
466391,Annual,Log in-Homepage-Log in-Checkout
466393,Annual,Coupon
466394,Annual,Homepage-Pricing-Homepage-Pricing-Coupon
466399,Monthly,Homepage-Pricing-Sign up-Homepage-Log in-Checkout
466405,Annual,Homepage-Pricing-Career tracks-Sign up-Checkout
466416,Annual,Homepage-Sign up-Checkout
466418,Annual,Coupon
466427,Annual,Homepage-Other-Pricing-Courses-Resources center-Homepage-Other-Pricing-Checkout-Coupon
466431,Annual,Homepage-Courses-Coupon
466444,Annual,Homepage-Log in-Homepage-Log in-Coupon
466453,Annual,Homepage-Courses-Career tracks-Coupon-Instructors
466454,Annual,Log in-Coupon
466456,Annual,Homepage-Courses-Career tracks-Upcoming courses-Courses-Sign up-Checkout
466464,Annual,Homepage-Career track certificate-Career tracks-Courses-Career tracks-Courses-Career tracks-Career track certificate-Career tracks-Pricing-Career track certificate-Homepage-Sign up-Coupon
466468,Annual,Homepage-Courses-Sign up-Courses-Homepage-Career track certificate-Sign up-Coupon
466492,Annual,Coupon-Pricing-Checkout-Homepage-Log in-Checkout
466496,Annual,Coupon
466499,Annual,Homepage-Career tracks-Homepage-Career tracks-Coupon
466502,Annual,Coupon
466505,Annual,Homepage-Pricing-Homepage-Career tracks-Coupon
466507,Annual,Homepage-Courses-Career tracks-Upcoming courses-Courses-Career track certificate-Resources center-Pricing-Homepage-Coupon
466508,Annual,Coupon
466514,Annual,Coupon
466515,Annual,Other-Pricing-Courses-Upcoming courses-Resources center-Instructors-Pricing-Checkout-Pricing-Checkout-Pricing-Checkout
466516,Annual,Log in-Coupon
466517,Annual,Coupon
466525,Annual,Coupon
466527,Annual,Courses-Career tracks-Courses-Career tracks-Courses-Career tracks-Courses-Career tracks-Courses-Career tracks-Courses-Career tracks-Courses-Career tracks-Courses-Career tracks-Courses-Career tracks-Courses-Career tracks-Courses-Coupon
466529,Annual,Coupon
466537,Annual,Homepage-Career tracks-Sign up-Career tracks-Courses-Career tracks-Courses-Career tracks-Upcoming courses-Coupon
466544,Annual,Coupon
466560,Monthly,Sign up-Log in-Checkout
466577,Monthly,Coupon-Homepage-Sign up-Checkout
466591,Quarterly,Homepage-Career track certificate-Homepage-Resources center-Courses-Career tracks-Course certificate-Career tracks-Checkout
466593,Annual,Coupon
466596,Annual,Homepage-Career tracks-Pricing-Checkout
466600,Annual,Homepage-Courses-Coupon
466603,Annual,Homepage-Log in-Homepage-Log in-Coupon
466606,Annual,Homepage-Pricing-Checkout
466614,Annual,Coupon-Checkout
466616,Annual,Homepage-Sign up-Homepage-Sign up-Checkout
466619,Annual,Homepage-Career track certificate-Coupon
466620,Annual,Homepage-Log in-Coupon
466622,Annual,Coupon
466643,Annual,Checkout-Log in-Checkout
466653,Annual,Coupon
466654,Annual,Homepage-Sign up-Other-Coupon
466669,Monthly,Log in-Checkout
466671,Annual,Homepage-Sign up-Checkout
466682,Annual,Coupon
466688,Annual,Homepage-Courses-Career tracks-Sign up-Career tracks-Pricing-Checkout-Coupon
466707,Annual,Coupon
466717,Annual,Coupon
466719,Annual,Coupon
466733,Annual,Log in-Checkout
466756,Annual,Checkout-Other-Coupon
466760,Annual,Coupon
466765,Annual,Other-Coupon
466795,Annual,Coupon
466809,Annual,Homepage-Pricing-Checkout-Pricing-Career tracks-Courses-Career tracks-Courses-Career tracks-Courses-Career tracks-Courses-Coupon
466821,Annual,Courses-Career tracks-Pricing-Career track certificate-Course certificate-Upcoming courses-Other-Career tracks-Coupon
466828,Annual,Other-Career tracks-Courses-Homepage-Log in-Checkout
466879,Quarterly,Pricing-Checkout
466883,Annual,Coupon-Checkout
466887,Annual,Homepage-Blog-Other-Blog-Other-Coupon
466889,Annual,Career tracks-Sign up-Checkout
466893,Quarterly,Checkout
466904,Annual,Coupon
466907,Annual,Coupon
466911,Annual,Coupon-Homepage-Career track certificate-Pricing-Resources center-Career tracks-Upcoming courses-Career tracks-Courses-Coupon-Career tracks-Log in
466913,Monthly,Checkout-Homepage-Log in-Checkout
466928,Annual,Log in-Sign up-Checkout
466937,Annual,Coupon
466938,Annual,Homepage-Sign up-Coupon-Pricing-Checkout-Pricing-Checkout-Pricing-Checkout
466939,Annual,Pricing-Checkout-Coupon
466944,Monthly,Log in-Checkout
466969,Annual,Homepage-Career tracks-Courses-Career tracks-Pricing-Checkout
466992,Annual,Homepage-Courses-Other-Course certificate-Coupon
466997,Annual,Coupon
467007,Annual,Coupon
467017,Annual,Coupon
467044,Annual,Career tracks-Sign up-Career tracks-Sign up-Checkout
467061,Annual,Coupon
467064,Annual,Coupon
467093,Annual,Career tracks-Sign up-Log in-Checkout
467107,Monthly,Checkout
467133,Annual,Coupon
467148,Annual,Homepage-Courses-Homepage-Pricing-Sign up-Other-Pricing-Log in
467164,Annual,Courses-Sign up-Courses-Log in-Sign up-Log in-Checkout
467173,Annual,Coupon-Log in-Checkout
467175,Annual,Coupon
467188,Annual,Checkout-Homepage-Log in-Checkout
467205,Annual,Coupon
467210,Annual,Coupon-Homepage-Pricing-Checkout
467212,Annual,Log in-Sign up-Checkout
467213,Annual,Checkout
467238,Annual,Log in-Homepage-Log in-Checkout
467244,Annual,Homepage-Career tracks-Courses-Resources center-Coupon
467246,Monthly,Sign up-Log in-Checkout
467261,Annual,Coupon
467287,Annual,Homepage-Courses-Sign up-Courses-Career track certificate-Sign up-Checkout
467366,Annual,Courses-Career tracks-Other-Career tracks-Upcoming courses-Career track certificate-Coupon
467374,Monthly,Homepage-Pricing-Homepage-Pricing-Checkout-Homepage-Career track certificate-Career tracks-Pricing-Checkout
467382,Annual,Coupon
467385,Annual,Coupon
467397,Annual,Sign up-Checkout
467402,Annual,Homepage-Courses-Homepage-Career tracks-Sign up-Coupon
467405,Monthly,Homepage-Log in-Checkout
467411,Monthly,Checkout
467418,Annual,Checkout
467422,Annual,Checkout
467423,Annual,Checkout-Log in-Checkout
467437,Monthly,Homepage-Sign up-Log in-Checkout
467442,Monthly,Other-Homepage-Log in-Checkout
467448,Annual,Homepage-Career tracks-Homepage-Career tracks-Homepage-Career tracks-Homepage-Coupon
467457,Annual,Checkout
467460,Annual,Coupon
467473,Annual,Log in-Checkout
467479,Monthly,Homepage-Courses-Sign up-Checkout
467499,Annual,Log in-Sign up-Log in-Courses-Sign up
467521,Annual,Homepage-Log in-Checkout
467526,Annual,Homepage-Pricing-Resources center-Course certificate-Courses-Upcoming courses-Coupon
467548,Annual,Homepage-Career track certificate-Career tracks-Sign up-Log in-Checkout
467576,Annual,Coupon-Homepage-Career track certificate-Courses-Coupon
467593,Annual,Sign up-Checkout
467603,Annual,Courses-Sign up-Checkout
467641,Annual,Other-Resources center-Homepage-Log in-Checkout
467646,Annual,Coupon
467667,Annual,Coupon
467671,Annual,Coupon
467675,Annual,Career tracks-Sign up-Log in-Checkout
467689,Annual,Courses-Pricing-Courses-Career tracks-Homepage-Pricing-Checkout-Pricing-Checkout
467691,Annual,Coupon
467695,Annual,Homepage-Pricing-Homepage-Sign up-Checkout
467723,Annual,Log in-Sign up-Checkout
467742,Annual,Homepage-Career tracks-Homepage-Career tracks-Sign up-Coupon
467756,Annual,Coupon
467758,Annual,Log in-Other-Log in-Checkout
467779,Annual,Log in-Sign up-Checkout
467787,Monthly,Log in-Checkout
467795,Annual,Homepage-Pricing-Courses-Coupon
467797,Monthly,Homepage-Courses-Pricing-Upcoming courses-Resources center-Course certificate-Courses-Sign up-Log in-Checkout
467800,Annual,Courses-Sign up-Courses-Sign up-Courses-Sign up-Checkout
467805,Annual,Homepage-Pricing-Homepage-Pricing-Resources center-Courses-Homepage-Pricing-Coupon
467816,Annual,Coupon
467823,Quarterly,Courses-Sign up-Checkout
467854,Annual,Checkout
467856,Annual,Homepage-Pricing-Checkout-Pricing-Sign up-Log in-Checkout
467872,Quarterly,Homepage-Career track certificate-Sign up-Log in-Checkout
467890,Annual,Coupon
467894,Annual,Homepage-Log in-Checkout
467899,Annual,Pricing-Checkout-Log in-Checkout
467901,Annual,Coupon-Homepage-Career tracks-Homepage-Career tracks-Homepage-Career tracks
467903,Annual,Other-Log in-Checkout
467904,Annual,Checkout-Homepage-Pricing-Checkout-Homepage-Log in-Checkout
467925,Annual,Coupon
467938,Monthly,Homepage-Sign up-Coupon-Checkout
467955,Annual,Coupon
467961,Annual,Other-Homepage-Course certificate-Sign up-Checkout
468030,Annual,Checkout
468083,Annual,Pricing-Course certificate-Upcoming courses-Coupon
468096,Annual,Coupon
468114,Annual,Homepage-Sign up-Coupon-Homepage-Log in
468126,Annual,Other-Sign up-Checkout
468130,Annual,Log in-Other-Coupon
468139,Monthly,Homepage-Log in-Homepage-Career track certificate-Sign up-Checkout
468159,Annual,Log in-Checkout
468179,Monthly,Other-Checkout
468198,Annual,Log in-Career tracks-Sign up-Career tracks-Log in-Checkout
468201,Annual,Coupon-Homepage-Pricing-Checkout-Pricing-Checkout-Pricing-Homepage-Courses-Log in-Coupon
468214,Annual,Checkout-Coupon
468216,Annual,Homepage-Pricing-Courses-Coupon
468224,Annual,Career tracks-Career track certificate-Career tracks-Courses-Career tracks-Career track certificate-Homepage-Pricing-Coupon
468228,Annual,Homepage-Courses-Career tracks-Upcoming courses-Resources center-Pricing-Homepage-Pricing-Checkout
468240,Annual,Homepage-Sign up-Checkout
468243,Annual,Homepage-Course certificate-Resources center-Courses-Homepage-Pricing-Checkout-Homepage-Pricing-Checkout
468247,Annual,Coupon
468261,Annual,Coupon
468264,Annual,Coupon
468278,Annual,Other
468298,Annual,Coupon
468319,Annual,Coupon
468346,Annual,Other-Career track certificate-Courses-Career tracks-Upcoming courses-Courses-Coupon
468397,Annual,Coupon-Other-Coupon
468402,Annual,Coupon
468407,Annual,Coupon
468413,Monthly,Sign up-Checkout
468417,Annual,Checkout-Homepage-Sign up-Log in-Coupon
468426,Annual,Homepage-Pricing-Sign up-Checkout
468450,Monthly,Other-Career track certificate-Career tracks-Sign up-Log in
468460,Annual,Homepage-Pricing-Checkout
468485,Annual,Log in-Checkout
468537,Annual,Coupon
468539,Annual,Coupon-Checkout
468547,Annual,Checkout
468549,Annual,Courses-Sign up-Log in-Sign up-Checkout
468570,Monthly,Homepage-Log in-Checkout
468582,Annual,Homepage-Pricing-Checkout
468603,Annual,Coupon
468605,Annual,Log in-Career tracks-Log in-Checkout
468634,Annual,Coupon
468670,Annual,Coupon
468682,Monthly,Log in-Sign up-Checkout
468685,Annual,Homepage-Courses-Sign up-Coupon
468702,Annual,Homepage-Career tracks-Sign up-Checkout
468709,Annual,Coupon
468710,Annual,Coupon
468715,Annual,Homepage-Courses-Career tracks-Upcoming courses-Career tracks-Coupon
468750,Annual,Homepage-Career track certificate-Homepage-Career track certificate-Course certificate-Courses-Coupon
468754,Annual,Homepage-Career tracks-Sign up-Coupon
468768,Annual,Coupon
468772,Monthly,Log in-Checkout
468777,Monthly,Checkout-Pricing-Sign up-Checkout
468833,Quarterly,Pricing-Sign up-Checkout
468839,Monthly,Log in-Checkout
468844,Annual,Homepage-Pricing-Homepage-Pricing-Career tracks-Homepage-Career tracks-Sign up-Checkout
468847,Annual,Pricing-Checkout-Pricing-Checkout-Pricing-Log in-Checkout
468859,Annual,Coupon
468869,Annual,Checkout-Coupon
468897,Annual,Other-Sign up-Checkout
468906,Annual,Homepage-Career tracks-Courses-Sign up-Homepage-Checkout
468907,Annual,Homepage-Sign up-Log in-Checkout
468910,Annual,Other-Courses-Career track certificate-Coupon
468914,Annual,Coupon-Checkout
468915,Annual,Coupon
468917,Annual,Coupon
468920,Annual,Log in-Checkout
468927,Monthly,Other-Blog-Other-Blog-Other-Blog-Other-Blog-Other-Blog-Checkout
468961,Annual,Courses-Sign up-Checkout
468970,Annual,Coupon
468973,Annual,Coupon
468978,Annual,Coupon
469008,Annual,Coupon
469021,Annual,Coupon
469024,Annual,Coupon
469060,Annual,Other-Homepage-Career track certificate-Career tracks-Pricing-Upcoming courses-Other-Courses-Sign up-Checkout
469068,Annual,Coupon-Checkout
469073,Annual,Coupon
469094,Annual,Other-Course certificate-Coupon-Homepage-Pricing-Checkout
469102,Annual,Coupon
469106,Annual,Homepage-Courses-Sign up-Courses-Career track certificate-Resources center-Other-Coupon
469121,Annual,Homepage-Pricing-Homepage-Other-Pricing-Other-Coupon
469129,Annual,Other-Career track certificate-Coupon
469132,Annual,Coupon
469140,Annual,Homepage-Pricing-Checkout-Homepage-Coupon-Other-Career track certificate-Career tracks-Courses
469146,Annual,Coupon
469153,Annual,Coupon
469162,Monthly,Log in-Checkout
469209,Monthly,Checkout-Log in-Checkout
469214,Monthly,Homepage-Sign up-Log in-Checkout
469228,Monthly,Sign up-Checkout
469313,Monthly,Courses-Career tracks-Homepage-Pricing-Checkout-Coupon
469323,Monthly,Homepage-Log in-Homepage-Log in
469356,Annual,Courses-Sign up-Courses-Pricing-Resources center-Pricing-Sign up-Coupon
469375,Annual,Coupon
469383,Monthly,Homepage-Sign up-Other-Pricing-Homepage-Log in
469398,Monthly,Checkout
469410,Annual,Homepage-Courses-Pricing-Checkout-Courses-Homepage-Courses-Sign up-Log in-Coupon
469479,Annual,Log in-Checkout-Homepage-Log in
469533,Annual,Homepage-Sign up-Homepage-Sign up-Log in-Sign up-Coupon
469709,Monthly,Courses-Sign up-Checkout
469721,Monthly,Log in-Sign up-Checkout
469785,Monthly,Log in
469859,Annual,Pricing-Career tracks-Sign up-Other-Coupon
469922,Annual,Coupon-Log in
469931,Monthly,Homepage-Log in-Sign up-Log in-Checkout
469961,Annual,Coupon-Log in-Coupon
469993,Annual,Coupon-Checkout
470028,Annual,Homepage-Pricing-Homepage-Courses-Pricing-Other-Upcoming courses-Career tracks-Log in-Homepage-Log in-Homepage-Pricing-Checkout
470102,Quarterly,Sign up-Checkout
470224,Monthly,Homepage-Courses-Pricing-Sign up-Pricing-Log in-Checkout
470262,Monthly,Courses-Sign up-Checkout
470307,Annual,Log in-Coupon
470344,Monthly,Pricing-Sign up-Checkout
470350,Quarterly,Homepage-Courses-Homepage-Log in-Courses-Log in
470366,Monthly,Homepage-Log in-Checkout
470403,Monthly,Log in-Checkout
470435,Monthly,Homepage-Career tracks-Sign up-Checkout
470437,Monthly,Homepage-Career tracks-Sign up-Checkout
470478,Monthly,Homepage-Log in-Checkout
470656,Monthly,Homepage-Log in-Checkout
470950,Annual,Homepage-Log in
470963,Annual,Homepage-Sign up-Homepage-Log in-Coupon
471001,Monthly,Career tracks-Courses-Career tracks-Courses-Career tracks-Courses-Sign up-Checkout
471019,Monthly,Homepage-Log in-Checkout
471234,Annual,Homepage-Log in-Homepage-Log in-Coupon
471328,Annual,Coupon
471413,Annual,Homepage-Log in-Checkout
471435,Annual,Homepage-Log in-Homepage-Log in-Coupon
471544,Monthly,Homepage-Sign up-Checkout
471607,Annual,Checkout-Coupon
471616,Monthly,Pricing-Sign up-Checkout
471625,Annual,Log in-Checkout-Log in
471666,Monthly,Log in-Checkout
471686,Annual,Checkout
471772,Annual,Coupon
471779,Annual,Homepage-Sign up-Checkout
471876,Annual,Other-Coupon
471896,Annual,Checkout
471936,Monthly,Courses-Sign up-Courses-Sign up-Checkout
472133,Monthly,Pricing-Log in-Checkout-Log in
472275,Monthly,Homepage-Sign up-Checkout
472292,Monthly,Homepage-Career track certificate-Courses-Homepage-Sign up-Pricing-Log in-Checkout
472312,Annual,Coupon-Log in-Coupon
472385,Monthly,Courses-Pricing-Career tracks-Sign up
472395,Monthly,Log in-Checkout
472407,Monthly,Homepage-Sign up-Checkout
472417,Monthly,Checkout
472504,Annual,Coupon-Log in-Coupon
472534,Monthly,Log in-Checkout
472536,Annual,Homepage-Log in-Checkout
472540,Monthly,Homepage-Courses-Sign up-Checkout
472587,Monthly,Checkout
472640,Annual,Homepage-Log in-Other-Log in-Checkout
472714,Monthly,Checkout
472764,Quarterly,Courses-Sign up-Courses-Log in-Checkout
472824,Monthly,Checkout-Log in-Checkout
472863,Monthly,Log in-Checkout
472904,Annual,Coupon
472929,Annual,Log in-Sign up-Coupon
473149,Monthly,Career tracks-Sign up-Checkout
473220,Monthly,Career tracks-Sign up-Log in-Checkout
473226,Annual,Homepage-Sign up-Log in
473235,Annual,Coupon
473288,Monthly,Log in-Checkout-Log in
473320,Monthly,Checkout
473362,Annual,Coupon-Checkout
473410,Annual,Log in-Checkout
473521,Annual,Checkout-Sign up
473558,Monthly,Homepage-Log in-Homepage-Log in-Coupon
473590,Annual,Courses-Sign up-Checkout
473658,Monthly,Log in-Checkout
473724,Monthly,Log in-Homepage-Log in-Checkout
473762,Annual,Other-Sign up-Log in-Coupon
473792,Annual,Homepage-Log in-Homepage-Sign up-Log in-Coupon
473826,Monthly,Checkout
473972,Monthly,Homepage-Career tracks-Sign up-Checkout
473973,Monthly,Homepage-Sign up-Log in
473999,Monthly,Sign up-Checkout
474038,Monthly,Homepage-Courses-Pricing-Resources center-Career tracks-Upcoming courses-Career tracks-Upcoming courses-Courses-Sign up-Courses-Course certificate-Career tracks-Courses-Sign up-Courses-Sign up-Checkout
474142,Annual,Log in-Other-Coupon
474143,Monthly,Homepage-Course certificate-Sign up-Homepage-Log in-Checkout
474256,Monthly,Log in-Sign up-Checkout
474346,Monthly,Homepage-Career tracks-Sign up-Homepage-Sign up-Checkout
474383,Monthly,Checkout
474403,Monthly,Sign up-Checkout
474406,Monthly,Checkout-Homepage-Log in-Checkout
474415,Annual,Other-Checkout
474515,Annual,Coupon
474521,Annual,Homepage-Pricing-Sign up-Log in-Checkout
474592,Monthly,Homepage-Career tracks-Pricing-Checkout
474730,Monthly,Checkout
474972,Monthly,Homepage-Course certificate-Career track certificate-Career tracks-Pricing-Career track certificate-Career tracks-Sign up-Checkout
474983,Annual,Courses-Resources center-Other-Pricing-Courses-Homepage-Coupon
475039,Annual,Homepage-Course certificate-Homepage-Log in-Checkout
475043,Annual,Homepage-Log in-Coupon
475078,Monthly,Checkout
475136,Annual,Homepage-Log in-Checkout
475159,Annual,Homepage-Career tracks-Sign up-Coupon
475286,Monthly,Checkout
475366,Quarterly,Checkout-Homepage-Log in-Checkout
475623,Monthly,Courses-Log in-Sign up-Checkout
475698,Monthly,Homepage-Pricing-Log in-Checkout
475701,Monthly,Career tracks-Pricing-Career tracks-Sign up-Checkout
475747,Monthly,Pricing-Checkout-Homepage-Sign up-Checkout
475774,Annual,Pricing-Checkout-Pricing-Checkout-Pricing-Coupon
475782,Annual,Homepage-Courses-Coupon
475920,Annual,Coupon
475985,Annual,Other
475991,Annual,Log in-Other-Homepage-Log in-Homepage-Log in-Checkout
476068,Annual,Sign up-Pricing-Log in-Checkout
476069,Monthly,Other-Courses-Log in-Other-Resources center-Checkout
476093,Annual,Coupon
476098,Monthly,Log in-Checkout
476110,Monthly,Checkout
476129,Annual,Coupon
476251,Annual,Other
476302,Monthly,Checkout-Course certificate-Other-Resources center-Courses-Pricing-Checkout
476566,Monthly,Homepage-Courses-Sign up-Homepage-Career tracks-Sign up-Career tracks-Sign up-Checkout
476580,Monthly,Homepage-Pricing-Courses-Pricing-Sign up-Checkout
476763,Monthly,Log in-Checkout
476848,Monthly,Resources center-Pricing-Courses-Log in-Checkout
477022,Monthly,Coupon
477323,Monthly,Homepage-Career track certificate-Career tracks-Courses-Career tracks-Courses-Career tracks-Courses-Career tracks-Courses-Career tracks-Courses-Career tracks-Courses-Pricing-Career track certificate-Career tracks-Courses-Career tracks-Courses-Career tracks-Courses-Career tracks-Courses-Career tracks-Courses-Career tracks-Courses-Career tracks-Resources center-Upcoming courses-Career tracks-Other-Success stories-Pricing-Career track certificate-Career tracks-Courses-Career tracks-Career track certificate-Career tracks-Courses-Career tracks-Courses-Career tracks-Pricing-Checkout-Homepage-Log in
477463,Monthly,Log in-Checkout
477604,Monthly,Checkout-Sign up-Checkout
477976,Monthly,Homepage-Courses-Homepage-Sign up-Checkout
478040,Monthly,Homepage-Log in-Checkout-Log in
478049,Quarterly,Homepage-Log in-Homepage-Log in-Checkout
478081,Monthly,Checkout
478228,Quarterly,Checkout
478251,Monthly,Courses-Sign up-Checkout
478314,Annual,Coupon
478421,Annual,Coupon
478854,Annual,Coupon
478956,Monthly,Homepage-Sign up-Checkout
479048,Annual,Log in-Checkout
479087,Annual,Other
479115,Annual,Other
479150,Monthly,Courses-Sign up-Log in-Checkout
479193,Monthly,Courses-Sign up-Checkout
479260,Annual,Checkout-Sign up-Checkout
479276,Annual,Log in-Coupon
479353,Annual,Pricing-Log in-Pricing-Log in-Checkout
479372,Monthly,Checkout
479391,Quarterly,Pricing-Checkout
479498,Annual,Coupon
479504,Annual,Checkout-Coupon
479574,Monthly,Checkout-Homepage-Log in-Checkout
479580,Annual,Coupon
479607,Annual,Coupon
479981,Monthly,Sign up-Checkout
479986,Annual,Other
480532,Annual,Coupon
480615,Monthly,Other-Checkout
480655,Annual,Sign up-Homepage-Log in
480663,Monthly,Checkout
480685,Monthly,Checkout-Homepage-Log in-Checkout
481147,Annual,Other
481415,Annual,Other
481441,Monthly,Other
481765,Annual,Other
481795,Annual,Homepage-Pricing-Sign up-Checkout
481817,Annual,Other
481898,Monthly,Other-Log in-Checkout
481937,Annual,Other
482184,Annual,Other
482290,Annual,Homepage-Pricing-Career track certificate-Sign up-Pricing-Courses-Course certificate-Courses-Career tracks-Courses-Career tracks-Pricing-Coupon
482356,Annual,Other
482517,Annual,Other
483339,Monthly,Log in-Sign up-Checkout
483547,Annual,Other
483659,Monthly,Homepage-Sign up-Other-Log in-Coupon
483925,Annual,Other-Pricing-Coupon
484742,Annual,Other
484804,Annual,Other
484842,Annual,Coupon-Courses-Sign up-Log in-Checkout
484881,Annual,Homepage-Sign up-Homepage-Pricing-Coupon
485413,Annual,Other
485840,Monthly,Homepage-Courses-Homepage-Sign up-Checkout
486037,Annual,Other
486142,Annual,Other
486414,Monthly,Courses-Sign up-Checkout
486523,Quarterly,Checkout-Log in
486604,Annual,Other-Pricing-Sign up-Pricing-Sign up-Coupon
486612,Quarterly,Other
486736,Annual,Homepage-Log in-Checkout
486754,Annual,Other
486891,Quarterly,Other
487499,Annual,Other
487565,Annual,Other
487592,Quarterly,Checkout-Log in-Checkout
487692,Annual,Other
487732,Annual,Coupon
487797,Annual,Other
488323,Annual,Checkout
488416,Monthly,Courses-Sign up-Checkout
488474,Annual,Other
488477,Annual,Homepage-Sign up-Checkout
488590,Annual,Other
489020,Annual,Other
489300,Annual,Coupon
489305,Annual,Coupon
489409,Annual,Other
489757,Monthly,Other
489879,Monthly,Homepage-Log in-Checkout-Coupon
490234,Quarterly,Other
490287,Monthly,Homepage-Pricing-Upcoming courses-Courses-Upcoming courses-Sign up-Checkout
490310,Annual,Homepage-Course certificate-Courses-Sign up-Checkout
490353,Annual,Other
490581,Monthly,Homepage-Sign up-Homepage-Career tracks-Courses-Sign up-Log in-Checkout-Coupon
490645,Monthly,Homepage-Career tracks-Courses-Career tracks-Instructors-Courses-Pricing-Homepage-Pricing-Homepage-Sign up
490646,Annual,Coupon
490648,Monthly,Other
490935,Annual,Other
491365,Annual,Other-Coupon
491597,Annual,Checkout
491618,Annual,Homepage-Pricing-Courses-Resources center-Career track certificate-Courses-Sign up-Checkout
491840,Annual,Resources center-Sign up-Checkout
492088,Annual,Other
492205,Annual,Other
492224,Monthly,Pricing-Log in-Other-Success stories-Checkout
492312,Annual,Coupon
492615,Annual,Other
493209,Monthly,Log in-Checkout
493296,Annual,Checkout
493332,Monthly,Coupon-Checkout
493343,Monthly,Homepage-Sign up-Checkout
493403,Annual,Log in-Checkout
493439,Monthly,Other
493510,Annual,Other
493723,Monthly,Homepage-Log in-Homepage-Log in-Checkout
493781,Annual,Coupon
493914,Annual,Pricing-Courses-Career track certificate-Career tracks-Courses-Sign up-Checkout
493923,Annual,Homepage-Log in-Homepage-Log in-Checkout
494199,Annual,Other
494374,Annual,Other
494682,Annual,Pricing-Sign up-Coupon
494927,Monthly,Courses-Sign up-Checkout
495071,Monthly,Pricing-Course certificate-Sign up-Course certificate-Sign up-Checkout
495307,Monthly,Homepage-Courses-Sign up-Checkout
495474,Monthly,Homepage-Log in-Checkout
495483,Monthly,Homepage-Courses-Course certificate-Courses-Pricing-Courses-Homepage-Career tracks-Sign up-Log in-Checkout
495629,Annual,Other
495825,Monthly,Coupon-Checkout
496115,Annual,Other
496165,Monthly,Homepage-Career tracks-Instructors-Pricing-Instructors-Courses-Sign up-Checkout
496423,Annual,Log in-Coupon
496453,Annual,Coupon
496848,Annual,Checkout
497046,Annual,Other
497091,Monthly,Courses-Sign up-Checkout
497190,Annual,Other
497224,Monthly,Homepage-Log in-Homepage-Log in-Checkout
497322,Monthly,Homepage-Pricing-Career tracks-Upcoming courses-Courses-Sign up-Checkout
497334,Annual,Other
497350,Monthly,Other-Sign up
497639,Annual,Other-Pricing-Checkout
497756,Annual,Homepage-Course certificate-Sign up-Log in-Checkout
497762,Annual,Other
497915,Annual,Other
498038,Annual,Other
498125,Annual,Other
498261,Quarterly,Log in-Checkout
498365,Annual,Sign up-Coupon
498498,Annual,Other
498940,Monthly,Career track certificate-Other-Success stories-Checkout
499050,Annual,Log in-Pricing-Log in-Checkout
499238,Annual,Homepage-Courses-Career tracks-Courses-Pricing-Career track certificate-Course certificate-Courses-Career tracks-Courses-Upcoming courses-Courses-Coupon
499260,Monthly,Other-Career track certificate-Career tracks-Sign up-Checkout
499330,Annual,Other
499528,Quarterly,Homepage-Career tracks-Sign up-Log in-Coupon
499589,Monthly,Log in-Sign up-Checkout
499672,Annual,Coupon
499673,Annual,Coupon
499862,Annual,Other-Sign up-Homepage-Log in-Checkout
499933,Annual,Homepage-Pricing-Checkout-Homepage-Sign up
500168,Quarterly,Homepage-Sign up-Log in-Checkout
500200,Annual,Other
500308,Monthly,Homepage-Career track certificate-Career tracks-Sign up-Log in-Checkout
500312,Monthly,Courses-Sign up-Checkout
500355,Annual,Homepage-Courses-Sign up-Homepage-Log in-Checkout
500378,Monthly,Homepage-Sign up-Homepage-Courses-Homepage-Pricing-Checkout-Pricing-Career tracks-Sign up-Checkout
500825,Annual,Checkout-Homepage-Resources center-Pricing-Courses-Coupon
501344,Monthly,Checkout
501416,Monthly,Homepage-Log in-Coupon-Checkout
501470,Annual,Other
501885,Annual,Other-Coupon
501988,Annual,Homepage-Pricing-Coupon
502006,Annual,Homepage-Coupon
502134,Monthly,Other
502254,Annual,Blog-Courses-Sign up-Homepage-Log in-Checkout
502308,Annual,Other
502376,Annual,Other
502668,Annual,Sign up-Homepage-Log in-Coupon
502735,Monthly,Homepage-Pricing-Checkout-Pricing-Checkout
502790,Annual,Log in-Coupon
502903,Annual,Other-Log in-Coupon
502912,Annual,Other-Coupon
503051,Monthly,Homepage-Log in-Homepage-Log in-Checkout
503167,Annual,Other
503546,Monthly,Other-Career track certificate-Course certificate-Resources center-Course certificate-Resources center-Pricing-Checkout-Pricing-Checkout-Pricing-Sign up-Pricing-Checkout-Pricing-Resources center-Pricing-Resources center-Course certificate-Homepage-Career track certificate-Course certificate-Sign up-Checkout
503566,Annual,Other
503767,Annual,Other
503908,Monthly,Courses-Sign up-Log in-Courses-Log in-Checkout
503971,Monthly,Other
504016,Annual,Other
504294,Annual,Homepage-Sign up-Homepage-Log in-Checkout
504553,Annual,Homepage-Log in-Checkout
504586,Monthly,Other-Courses-Upcoming courses-Course certificate-Career tracks-Sign up-Checkout
504600,Monthly,Other
504674,Annual,Coupon
504676,Monthly,Other
504774,Annual,Homepage-Log in-Pricing-Log in-Checkout
504782,Annual,Homepage-Career tracks-Courses-Other-Coupon
504791,Monthly,Other
504888,Monthly,Other
505304,Annual,Coupon
505452,Annual,Coupon
505460,Monthly,Other-Pricing-Sign up-Checkout
505724,Monthly,Homepage-Course certificate-Sign up-Course certificate-Pricing-Resources center-Other-Resources center-Other-Resources center-Success stories-Log in-Checkout
505730,Annual,Log in-Other-Log in-Coupon
505829,Annual,Homepage-Pricing-Checkout-Homepage-Log in-Homepage-Log in-Checkout
505995,Quarterly,Checkout-Homepage-Sign up-Log in-Checkout
505998,Monthly,Courses-Pricing-Checkout
506093,Quarterly,Courses-Sign up-Homepage-Sign up-Checkout
506161,Annual,Coupon-Homepage-Log in-Homepage-Log in-Checkout
506207,Annual,Coupon
506260,Monthly,Checkout
506325,Annual,Other
506360,Annual,Checkout-Other-About us-Checkout
506506,Annual,Other-Sign up-Coupon
506888,Annual,Coupon
506959,Annual,Homepage-Sign up-Checkout
506966,Annual,Other
506968,Annual,Coupon
506991,Annual,Checkout
506994,Annual,Log in-Checkout
507008,Annual,Log in-Homepage-Sign up-Coupon
507103,Annual,Homepage-Sign up-Homepage-Pricing-Career track certificate-Sign up-Log in-Sign up-Checkout
507135,Annual,Other
507142,Annual,Other-Log in-Checkout
507144,Annual,Coupon-Log in-Coupon
507205,Annual,Coupon-Homepage-Log in-Coupon
507213,Annual,Other-Pricing-Sign up-Pricing-Courses-Career tracks-Coupon-Career tracks-Log in
507236,Annual,Other-Coupon
507241,Annual,Other-Coupon-Homepage-Coupon
507254,Annual,Homepage-Courses-Career tracks-Sign up-Coupon
507294,Monthly,Career track certificate-Career tracks-Log in-Other-Log in-Checkout
507302,Annual,Homepage-Pricing-Sign up-Coupon
507315,Annual,Coupon-Log in-Checkout
507387,Annual,Other-Coupon
507395,Annual,Homepage-Log in-Homepage-Log in-Checkout
507402,Annual,Career tracks-Sign up-Checkout
507411,Annual,Homepage-Pricing-Checkout-Pricing-Career track certificate-Success stories-About us-Homepage-Coupon
507416,Annual,Coupon-Other-Checkout
507423,Annual,Other
507454,Monthly,Homepage-Pricing-Homepage-Log in-Checkout
507553,Annual,Career track certificate-Sign up-Career track certificate-Sign up-Checkout
507580,Annual,Courses-Log in-Homepage-Log in-Checkout
507605,Annual,Other-Coupon
507618,Annual,Homepage-Pricing-Resources center-Courses-Log in-Sign up-Checkout
507622,Annual,Homepage-Courses-Homepage-Career tracks-Courses-Checkout
507623,Annual,Checkout-Coupon
507646,Annual,Other-Coupon
507648,Annual,Checkout
507721,Annual,Other
507729,Annual,Checkout-Coupon-Checkout
507730,Annual,Other-Coupon
507741,Annual,Other-Coupon
507781,Annual,Other-Resources center-Log in-Checkout
507801,Annual,Coupon-Sign up-Checkout
507806,Annual,Other
507822,Annual,Other
507828,Annual,Checkout-Coupon-Checkout
507874,Annual,Coupon-Log in-Coupon
507910,Annual,Log in-Checkout-Coupon
507925,Annual,Checkout-Log in-Checkout
507951,Annual,Other
508005,Monthly,Sign up-Homepage-Log in-Checkout
508008,Annual,Homepage-Other-Course certificate-Career track certificate-Coupon
508014,Annual,Checkout
508024,Annual,Log in-Homepage-Log in-Sign up-Log in
508066,Annual,Coupon
508080,Annual,Checkout-Sign up-Log in-Checkout
508084,Monthly,Homepage-Log in-Other
508094,Annual,Other
508102,Annual,Log in-Homepage-Log in-Checkout
508114,Annual,Homepage-Sign up-Checkout
508131,Monthly,Sign up-Log in-Checkout
508174,Annual,Homepage-Career tracks-Pricing-Checkout
508175,Annual,Coupon
508189,Annual,Other
508221,Annual,Homepage-Pricing-Log in-Sign up-Other
508240,Annual,Coupon-Pricing-Checkout
508243,Annual,Coupon-Homepage-Log in-Checkout
508326,Annual,Other
508337,Annual,Coupon
508361,Annual,Log in-Checkout
508384,Monthly,Homepage-Pricing-Resources center-Courses-Sign up-Checkout
508408,Annual,Other-Resources center-Other-Success stories-Sign up-Resources center-Coupon
508429,Annual,Homepage-Pricing-Career track certificate-Career tracks-Sign up-Career tracks-Log in-Checkout
508454,Annual,Other-Homepage-Sign up-Checkout
508469,Annual,Other-Course certificate-Courses-Sign up-Coupon
508474,Annual,Other
508476,Monthly,Other
508492,Monthly,Checkout
508496,Annual,Coupon
508506,Annual,Other
508507,Annual,Career tracks-Sign up-Pricing-Checkout-Career track certificate-Sign up
508546,Annual,Coupon-Homepage-Courses-Log in
508638,Annual,Other-Coupon
508647,Annual,Homepage-Sign up-Log in-Checkout
508649,Monthly,Other
508655,Annual,Homepage-Career tracks-Courses-Career tracks-Courses-Coupon
508670,Annual,Homepage-Log in-Pricing-Checkout
508686,Annual,Other-Coupon
508704,Annual,Homepage-Courses-Coupon-Checkout
508750,Annual,Other
508752,Annual,Other-Homepage-Log in-Checkout
508770,Annual,Other-Homepage-Log in-Sign up-Checkout
508784,Annual,Checkout-Other-Homepage-Log in
508796,Annual,Other
508809,Annual,Homepage-Courses-Homepage-Courses-Homepage-Pricing-Checkout
508829,Annual,Other
508848,Annual,Coupon-Checkout
508849,Annual,Other-Coupon
508853,Annual,Coupon
508867,Annual,Homepage-Courses-Log in-Checkout
508880,Annual,Homepage-Career tracks-Upcoming courses-Career tracks-Courses-Homepage-Courses-Coupon
508887,Annual,Homepage-Pricing-Checkout-Coupon
508892,Monthly,Courses-Sign up-Checkout
508894,Annual,Coupon
508901,Annual,Other-Homepage-Pricing-Homepage-Pricing-Checkout-Pricing-Checkout
508902,Annual,Other-Coupon
508903,Annual,Other-Coupon
508905,Annual,Coupon-Homepage-Log in-Checkout
508909,Annual,Other
508917,Annual,Homepage-Log in-Checkout
508926,Annual,Coupon
508928,Annual,Pricing-Checkout-Coupon-Other
508931,Annual,Coupon
508949,Annual,Other-Homepage-Career tracks-Coupon
508956,Annual,Career tracks-Pricing-Homepage-Career tracks-Coupon
508961,Annual,Coupon
508965,Annual,Coupon
508969,Annual,Coupon
508977,Annual,Checkout-Homepage-Sign up-Log in-Checkout
508982,Annual,Coupon-Homepage-About us-Other
508985,Annual,Coupon
508990,Annual,Coupon
508994,Annual,Coupon
509000,Annual,Homepage-Pricing-Upcoming courses-Coupon
509016,Annual,Coupon
509017,Annual,Career tracks-Pricing-Other-Career tracks-Courses-Career tracks-Sign up-Checkout
509028,Annual,Other
509032,Annual,Coupon
509036,Annual,Other-Coupon
509057,Annual,Homepage-Upcoming courses-Other-Coupon
509060,Annual,Other
509061,Annual,Coupon
509085,Annual,Coupon
509095,Annual,Other
509096,Annual,Other-Coupon
